﻿County Number,County Name,Region Nbr
01,ANDERSON,1
02,BEDFORD,3
03,BENTON,4
04,BLEDSOE,2
05,BLOUNT,1
06,BRADLEY,2
07,CAMPBELL,1
08,CANNON,2
09,CARROLL,4
10,CARTER,1
11,CHEATHAM,3
12,CHESTER,4
13,CLAIBORNE,1
14,CLAY,2
15,COCKE,1
16,COFFEE,2
17,CROCKETT,4
18,CUMBERLAND,2
19,DAVIDSON,3
20,DECATUR,4
21,DEKALB,2
22,DICKSON,3
23,DYER,4
24,FAYETTE,4
25,FENTRESS,2
26,FRANKLIN,2
27,GIBSON,4
28,GILES,3
29,GRAINGER,1
30,GREENE,1
31,GRUNDY,2
32,HAMBLEN,1
33,HAMILTON,2
34,HANCOCK,1
35,HARDEMAN,4
36,HARDIN,4
37,HAWKINS,1
38,HAYWOOD,4
39,HENDERSON,4
40,HENRY,4
41,HICKMAN,3
42,HOUSTON,3
43,HUMPHREYS,3
44,JACKSON,2
45,JEFFERSON,1
46,JOHNSON,1
47,KNOX,1
48,LAKE,4
49,LAUDERDALE,4
50,LAWRENCE,3
51,LEWIS,3
52,LINCOLN,3
53,LOUDON,1
54,MCMINN,2
55,MCNAIRY,4
56,MACON,3
57,MADISON,4
58,MARION,2
59,MARSHALL,3
60,MAURY,3
61,MEIGS,2
62,MONROE,1
63,MONTGOMERY,3
64,MOORE,3
65,MORGAN,1
66,OBION,4
67,OVERTON,2
68,PERRY,3
69,PICKETT,2
70,POLK,2
71,PUTNAM,2
72,RHEA,2
73,ROANE,1
74,ROBERTSON,3
75,RUTHERFORD,3
76,SCOTT,1
77,SEQUATCHIE,2
78,SEVIER,1
79,SHELBY,4
80,SMITH,3
81,STEWART,3
82,SULLIVAN,1
83,SUMNER,3
84,TIPTON,4
85,TROUSDALE,3
86,UNICOI,1
87,UNION,1
88,VAN BUREN,2
89,WARREN,2
90,WASHINGTON,1
91,WAYNE,3
92,WEAKLEY,4
93,WHITE,2
94,WILLIAMSON,3
95,WILSON,3
