﻿Loc ID,County,Community,Functional Class,Rural Urban,On,From,To,Approach,At,Dir,Directions,Category,LRS ID,LRS Loc Pt,Latitude,Longitude,Latest,Latest Date
01000087,Anderson,CLINTON,Other Principal Arterial,U,N. CHARLES SEIVERS BLVD.,,,,NE OF CLINTON,2-WAY,NB/SB,EDL,01SR061001,18.063,36.133472,-84.1091,19483,1/1/2020
03000035,Benton,-,Interstate,R,I-40,,,,EAST OF SR-69,2-WAY,EB/WB,EDL,03I0040001,1.996,35.857111,-88.055056,32743,1/1/2020
06000166,Bradley,CLEVELAND,Other Principal Arterial,U,GEORGETOWN RD. N.W.,,,,CLEVELAND,2-WAY,NB/SB,EDL,06SR060001,18.496,35.21569,-84.882452,14724,1/1/2020
07000094,Campbell,-,Interstate,U,I-75,,,,NEAR ANDERSON CO LINE,2-WAY,NB/SB,EDL,07I0075001,0.714,36.248376,-84.180656,39534,1/1/2020
08000061,Cannon,WOODBURY,Other Principal Arterial,R,W. MAIN ST.,,,,WOODBURY,2-WAY,EB/WB,EDL,08SR001001,6.15,35.827932,-86.079041,13629,1/1/2020
11000052,Cheatham,-,Interstate,R,I-24,,,,NEAR ROBERTSON CO LINE,2-WAY,EB/WB,EDL,11I0024002,1.72,36.357365,-86.946698,56621,1/1/2020
15000129,Cocke,-,Interstate,U,I-40,,,,Near Jefferson,2-WAY,EB/WB,EDL,15I0040001,0.548,35.980107,-83.274008,29156,1/1/2020
16000059,Coffee,TULLAHOMA,Other Principal Arterial,U,E. CARROLL ST.,,,,NORTHEAST TULLAHOMA,2-WAY,NB/SB,EDL,16SR055001,4.839,35.376158,-86.175202,14291,1/1/2020
16000103,Coffee,-,Interstate,R,I-24,,,,NEAR RUTHERFORD CO LINE,2-WAY,EB/WB,EDL,16I0024001,2.142,35.595028,-86.239297,43619,4/19/2021
18000058,Cumberland,-,Interstate,U,I-40,,,,N. OF CROSSVILLE,2-WAY,EB/WB,EDL,18I0040001,14.353,35.991873,-85.028932,32339,1/1/2020
18000059,Cumberland,-,Interstate,U,I-40,,,,N.E. OF CROSSVILLE,2-WAY,EB/WB,EDL,18I0040001,16.35,35.974053,-85.000652,37445,1/1/2020
18000062,Cumberland,-,Interstate,R,I-40,,,,NEAR ROANE CO. LINE,2-WAY,EB/WB,EDL,18I0040001,26.42,35.899948,-84.79351,28092,1/1/2020
18000132,Cumberland,-,Interstate,R,I-40,,,,PLATEAU - NEAR PUTNAM CO. LINE,2-WAY,EB/WB,EDL,18I0040001,3.896,36.065391,-85.187658,29996,1/1/2020
19000018,Davidson,NASHVILLE,Other Principal Arterial,U,OLD HICKORY BLVD.,,,,W OF GOODLETTSVILLE,2-WAY,EB/WB,EDL,19SR045001,2.861,36.279299,-86.784654,14008,3/10/2021
19000150,Davidson,GOODLETTSVILLE,Other Principal Arterial,U,LONG HOLLOW PK.,,,,L.H. PK-E OF GOODLETTSVILLE,2-WAY,NB/SB,EDL,19SR174001,0.906,36.327521,-86.699465,19246,1/25/2021
19000197,Davidson,NASHVILLE,Other Principal Arterial,U,MEMPHIS-BRISTOL HWY.,,,,W OF BROOK HOLLOW RD,2-WAY,EB/WB,EDL,19SR001001,9.411,36.087171,-86.893056,15303,2/9/2021
19000201,Davidson,NASHVILLE,Interstate,U,I-65,,,,S OF TRINITY LN,2-WAY,NB/SB,EDL,19I0065001,11.44,36.202675,-86.77661,176716,1/12/2021
19000214,Davidson,NASHVILLE,Interstate,U,I-65,,,,B/T HARDIN PLACE & O.H. BLVD,2-WAY,NB/SB,EDL,19I0065001,1.39,36.049417,-86.775234,127021,3/15/2021
19000217,Davidson,NASHVILLE,Interstate,U,I-40,,,,N OF ROBERTSON RD,2-WAY,EB/WB,EDL,19I0040001,11.535,36.148988,-86.874178,93193,1/20/2021
19000268,Davidson,NASHVILLE,Interstate,R,I-40,,,,NEAR CHEATHAM CO LINE,2-WAY,EB/WB,EDL,19I0040001,0.067,36.078529,-87.038059,44719,1/25/2021
19000300,Davidson,NASHVILLE,Interstate,U,I-24,,,,N OF MAIN ST,2-WAY,EB/WB,EDL,19I0024001,13.781,36.183004,-86.775326,109339,1/19/2021
19000302,Davidson,NASHVILLE,Interstate,U,I-24,,,,NEAR EWING DR,2-WAY,EB/WB,EDL,19I0024001,12.11,36.229233,-86.780869,27879,2/2/2021
19000310,Davidson,NASHVILLE,Interstate,U,I-40,,,,NEAR I-265,2-WAY,EB/WB,EDL,19I0040001,15.679,36.169669,-86.809889,92438,1/5/2021
19000312,Davidson,NASHVILLE,Interstate,U,I-40,,,,W OF I-40 & I-440 INTERCHANGE,2-WAY,EB/WB,EDL,19I0040001,13.788,36.154034,-86.834728,117704,1/1/2020
19000315,Davidson,NASHVILLE,Interstate,U,I-65,,,,NASHVILLE,2-WAY,NB/SB,EDL,19I0065001,9.81,36.191149,-86.788161,109383,1/1/2020
19000329,Davidson,NASHVILLE,Interstate,U,I-65,,,,S OF I-40 LOOP,2-WAY,NB/SB,EDL,19I0065001,7.625,36.139223,-86.775937,118894,1/1/2020
19000344,Davidson,NASHVILLE,Interstate,R,I-24,,,,N OF BRICK CHURCH PIKE,2-WAY,EB/WB,EDL,19I0024001,9.58,36.26386,-86.790556,62288,1/1/2020
19000367,Davidson,NASHVILLE,Freeway & Expressway,U,BRILEY PKWY.,,,,BRILEY PKY-NW OF DICKERSON PIKE,2-WAY,EB/WB,EDL,19SR155001,16.177,36.24027,-86.769027,50422,2/2/2021
19000437,Davidson,NASHVILLE,Interstate,U,I-40,,,,I-24/I-40 - S OF SILLMAN EVANS BRIDGE,2-WAY,EB/WB,EDL,19I0040001,20.902,36.143921,-86.738528,144999,1/11/2021
19000635,Davidson,NASHVILLE,Other Principal Arterial,U,LEBANON PK.,,,,NEAR MILL CREEK (ATR 303/554),2-WAY,EB/WB,EDL,19SR024001,17.509,36.164022,-86.698975,16263,2/24/2021
19000645,Davidson,Nashville,Interstate,U,I0040,,,,,2-WAY,EB/WB,EDL,19I0040001,19.51,36.154449,-86.760507,78800,1/1/2020
20000044,Decatur,-,Interstate,R,I-40,,,,WEST OF SR-69,2-WAY,EB/WB,EDL,20I0040001,1.156,35.819218,-88.158677,28163,1/1/2020
22000093,Dickson,DICKSON,Other Principal Arterial,U,HWY. 46,,,,DICKSON,2-WAY,NB/SB,EDL,22SR046001,4.349,36.026863,-87.343911,26680,1/1/2020
22000156,Dickson,-,Interstate,R,I0840,,,,BETWEEN WILLIAMSON & I40,2-WAY,EB/WB,EDL,22I0840001,2.681,35.993063,-87.246734,13759,1/1/2020
24000074,Fayette,-,Interstate,R,I-40,,,,E OF JCT. WITH SR-59,2-WAY,EB/WB,EDL,24I0040001,9.912,35.359406,-89.495539,27104,1/1/2020
25000033,Fentress,-,Other Principal Arterial,R,S. YORK HWY.,,,,SW OF GRIMSELY,2-WAY,NB/SB,EDL,25SR028001,5.256,36.24109,-85.0055,7840,1/1/2020
28000068,Giles,-,Interstate,R,I-65,,,,NEAR ARDMORE,2-WAY,NB/SB,EDL,28I0065001,0.55,35.000228,-86.877506,17769,1/1/2020
28000110,Giles,-,Other Principal Arterial,U,LAWRENCEBURG HWY.,,,,WEST OF PULASKI,2-WAY,EB/WB,EDL,28SR015001,8.263,35.211175,-87.079626,9091,1/1/2020
30000120,Greene,-,Interstate,R,I-81,,,,NEAR HAMBLEN CO LINE,2-WAY,NB/SB,EDL,30I0081001,4.5,36.218448,-83.055786,40856,1/1/2020
32000014,Hamblen,MORRISTOWN,Minor Arterial,U,BUFFALO TR.,,,,E. MORRISTOWN,2-WAY,NB/SB,EDL,32SR343001,5.855,36.235127,-83.283805,16648,1/1/2020
32000061,Hamblen,-,Interstate,R,I-81,,,,NE SR-32,2-WAY,NB/SB,EDL,32I0081001,2.86,36.153412,-83.241828,34139,1/1/2020
32000135,Hamblen,MORRISTOWN,Other Principal Arterial,U,GOV. DEWITT CLINTON SENTE,,,,MORRISTOWN,2-WAY,EB/WB,EDL,32SR160001,9.63,36.187906,-83.307487,18503,1/1/2020
33000072,Hamilton,CHATTANOOGA,Interstate,U,I-24,,,,S CHATTANOOGA,2-WAY,EB/WB,EDL,33I0024002,9.6,35.018587,-85.290472,92682,1/1/2020
33000077,Hamilton,-,Minor Arterial,U,LEE HWY.,,,,EAST OF OOLTEWAH,2-WAY,EB/WB,EDL,33SR002001,22.425,35.078079,-85.037956,9854,1/1/2020
33000154,Hamilton,CHATTANOOGA,Interstate,U,I-24,,,,EAST OF SR-58 (MARKET ST) INTERCHANGE,2-WAY,EB/WB,EDL,33I0024002,8.533,35.026169,-85.303977,93467,1/1/2020
33000173,Hamilton,CHATTANOOGA,Freeway & Expressway,U,STATE HWY. 153,,,,SOUTH OF CHICKAMAUGA DAM,2-WAY,NB/SB,EDL,33SR153001,3.605,35.069186,-85.196639,60729,1/1/2020
33000175,Hamilton,CHATTANOOGA,Other Principal Arterial,U,AMNICOLA HWY.,,,,EAST OF SR-53,2-WAY,EB/WB,EDL,33SR319001,1.15,35.095656,-85.23494,24395,6/2/2021
33000176,Hamilton,CHATTANOOGA,Freeway & Expressway,U,STATE HWY. 153,,,,NORTH OF SHALLOWFORD RD,2-WAY,NB/SB,EDL,33SR153001,3.291,35.06025,-85.193018,60769,1/1/2020
33000182,Hamilton,CHATTANOOGA,Interstate,U,I-24,,,,SOUTH OF I-124,2-WAY,EB/WB,EDL,33I0024002,7.09,35.026408,-85.323697,61505,1/1/2020
33000186,Hamilton,CHATTANOOGA,Interstate,U,I-24,,,,NEAR MARION CO LINE,2-WAY,EB/WB,EDL,33I0024002,0.5,34.987161,-85.404843,59714,1/1/2020
33000206,Hamilton,-,Interstate,U,I-75,,,,NEAR BRADLEY CO LINE,2-WAY,NB/SB,EDL,33I0075001,15.599,35.114225,-85.047371,54250,1/1/2020
33000209,Hamilton,CHATTANOOGA,Freeway & Expressway,U,STATE HWY. 153,,,,NEAR CHICKAMAUGA DAM,2-WAY,NB/SB,EDL,33SR153001,6.01,35.094309,-85.224909,67941,6/2/2021
33000213,Hamilton,EAST RIDGE,Interstate,U,I-24,,,,WEST OF S. SEMIOLE DR UNDERPASS,2-WAY,EB/WB,EDL,33I0024002,11.33,35.021127,-85.261785,83722,1/1/2020
33000214,Hamilton,CHATTANOOGA,Interstate,U,I-24,,,,WEST OF EAST RIDGE,2-WAY,EB/WB,EDL,33I0024002,10.303,35.015328,-85.276796,102200,1/1/2020
33000216,Hamilton,CHATTANOOGA,Freeway & Expressway,U,STATE HWY. 153,,,,SOUTH OF CHICKAMAUGA DAM,2-WAY,NB/SB,EDL,33SR153001,4.525,35.080479,-85.204228,68140,1/1/2020
33000265,Hamilton,CHATTANOOGA,Freeway & Expressway,U,STATE HWY. 153,,,,WEST OF VOL. ORD. WORKS,2-WAY,NB/SB,EDL,33SR153001,5.164,35.086602,-85.21238,74023,1/1/2020
33000321,Hamilton,SIGNAL MOUNTAIN,Minor Arterial,U,SIGNAL MOUNTAIN BLVD.,,,,SIGNAL MT BLVD-NEAR SIGNAL MT.,2-WAY,NB/SB,EDL,33SR008001,16.16,35.115523,-85.354797,11448,1/1/2020
39000064,Henderson,-,Interstate,R,I-40,,,,WEST OF SR-22 INTERCHANGE,2-WAY,EB/WB,EDL,39I0040001,7.366,35.760909,-88.485756,30893,1/1/2020
39000065,Henderson,-,Interstate,R,I-40,,,,EAST OF SR-22 INTERCHANGE,2-WAY,EB/WB,EDL,39I0040001,15.477,35.800052,-88.349777,28430,1/1/2020
39000135,Henderson,-,Interstate,R,,,,,NEAR CARROLL CO LINE,2-WAY,EB/WB,EDL,39I0040001,23.98,35.815006,-88.203252,28163,1/1/2020
41000060,Hickman,-,Interstate,R,I-40,,,,NEAR DICKSON CO LINE,2-WAY,EB/WB,EDL,41I0040003,1.993,35.982044,-87.499024,32362,1/1/2020
41000061,Hickman,-,Interstate,R,I-40,,,,NE OF ONLY,2-WAY,EB/WB,EDL,41I0040001,2.633,35.884597,-87.667974,32214,1/1/2020
43000044,Humphreys,-,Interstate,R,I-40,,,,W OF SR-13 INTERCHANGE,2-WAY,EB/WB,EDL,43I0040001,5.813,35.8811,-87.842846,31621,1/1/2020
44000053,Jackson,-,Other Principal Arterial,R,S. GRUNDY QUARLES HWY.,,,,S OF GAINESBORO,2-WAY,NB/SB,EDL,44SR056001,6.25,36.294169,-85.639554,5719,1/1/2020
45000084,Jefferson,-,Interstate,R,I-40,,,,S.E. OF I-81 JCT.,2-WAY,EB/WB,EDL,45I0040001,12.8,36.059524,-83.374895,30786,3/23/2021
45000165,Jefferson,-,Interstate,R,I0040,,,,,2-WAY,EB/WB,EDL,45I0040001,17.73,36.01608,-83.29588,26480,1/1/2020
47000104,Knox,-,Other Principal Arterial,U,CHAPMAN HWY.,,,,SOUTHEAST NEWBERTS,2-WAY,NB/SB,EDL,47SR071001,1.239,35.895643,-83.811313,33958,1/1/2020
47000173,Knox,KNOXVILLE,Interstate,U,I-40,,,,B/N CHERRY ST & US 11W,2-WAY,EB/WB,EDL,47I0040001,22.256,36.001825,-83.886064,87065,1/20/2021
47000257,Knox,KNOXVILLE,Interstate,U,I-75,,,,NORTH OF I-640,2-WAY,NB/SB,EDL,47I0075001,4.422,36.008294,-83.969057,79723,1/1/2020
47000276,Knox,KNOXVILLE,Interstate,U,I-40,,,,EAST KNOXVILLE,2-WAY,EB/WB,EDL,47I0040001,27.757,36.004827,-83.796453,74140,1/1/2020
47000277,Knox,KNOXVILLE,Interstate,R,I-40,,,,EAST OF KNOXVILLE,2-WAY,EB/WB,EDL,47I0040001,30.98,36.003391,-83.739877,74145,1/6/2021
47000450,Knox,-,Interstate,R,I-40,,,,I0040,2-WAY,EB/WB,EDL,47I0040001,35.927,35.987369,-83.654544,70478,1/1/2020
47000460,Knox,KNOXVILLE,Interstate,U,I-40,,,,CBD,2-WAY,EB/WB,EDL,47I0040001,19.132,35.978892,-83.918359,80617,1/1/2020
49000120,Lauderdale,RIPLEY,Other Principal Arterial,U,JERE B. FORD HWY.,,,,,2-WAY,NB/SB,EDL,49SR003001,8.028,35.743682,-89.554792,13250,2/1/2021
54000088,McMinn,-,Interstate,R,I-75,,,,SW OF SR-30 INTERCHANGE,2-WAY,NB/SB,EDL,54I0075001,11.335,35.438228,-84.676792,42070,1/1/2020
54000091,McMinn,-,Interstate,R,I-75,,,,NORTH OF ATHENS,2-WAY,NB/SB,EDL,54I0075001,23.426,35.5732,-84.539924,42373,1/1/2020
55000115,McNairy,SELMER,Other Principal Arterial,R,GENERAL MARCUS J. WRIGHT MEMORIAL HWY.,,,,SELMER,2-WAY,EB/WB,EDL,55SR005001,12.988,35.15009,-88.59824,9887,1/1/2020
57000027,Madison,JACKSON,Minor Arterial,U,N. HIGHLAND AVE.,,,,N JACKSON,2-WAY,NB/SB,EDL,57SR005001,14.604,35.642707,-88.828473,22162,1/6/2021
57000041,Madison,JACKSON,Other Principal Arterial,U,S. HIGHLAND AVE.,,,,S JACKSON,2-WAY,NB/SB,EDL,57SR005001,11.114,35.597315,-88.813887,38634,1/1/2020
57000090,Madison,JACKSON,Other Principal Arterial,U,S. HIGHLAND AVE.,,,,S JACKSON,2-WAY,NB/SB,EDL,57SR005001,11.76,35.606302,-88.816083,26923,1/5/2021
57000094,Madison,-,Interstate,R,I-40,,,,NEAR HENDERSON CO LINE,2-WAY,EB/WB,EDL,57I0040001,20.065,35.68107,-88.73595,35783,1/1/2020
57000097,Madison,JACKSON,Other Principal Arterial,U,KEITH SHORT BYPASS,,,,W JACKSON,2-WAY,NB/SB,EDL,57SR186001,0.316,35.622061,-88.841509,25898,1/4/2021
57000106,Madison,-,Minor Arterial,U,US-45,,,,N OF JACKSON,2-WAY,NB/SB,EDL,57SR005001,20.028,35.719336,-88.839783,11609,1/20/2021
57000242,Madison,-,Interstate,U,I-40,,,,W OF JACKSON,2-WAY,EB/WB,EDL,57I0040001,11.086,35.650672,-88.890051,34023,1/1/2020
58000057,Marion,KIMBALL,Interstate,R,I-24,,,,SOUTHEAST OF MONTEAGLE,2-WAY,EB/WB,EDL,58I0024001,17.115,35.042335,-85.696794,33083,1/1/2020
58000059,Marion,KIMBALL,Interstate,U,I-24,,,,EAST OF KIMBALL,2-WAY,EB/WB,EDL,58I0024001,17.711,35.038759,-85.687217,48399,1/1/2020
59000063,Marshall,-,Interstate,R,I-65,,,,SW OF LEWISBURG,2-WAY,NB/SB,EDL,59I0065001,8.976,35.432492,-86.880097,21771,1/1/2020
60000088,Maury,COLUMBIA,Minor Arterial,U,W. JAMES M CAMPBELL BLVD.,,,,COLUMBIA,2-WAY,NB/SB,EDL,60SR050001,13.653,35.613523,-87.067081,18906,1/1/2020
60000102,Maury,-,Minor Arterial,R,NEW LEWISBURG HWY.,,,,SOUTHEAST OF COLUMBIA,2-WAY,EB/WB,EDL,60SR050001,18.008,35.587491,-87.009103,9652,1/1/2020
63000074,Montgomery,CLARKSVILLE,Other Principal Arterial,U,RIVERSIDE DR.,,,,CLARKSVILLE,2-WAY,NB/SB,EDL,63SR012001,13.46,36.51563,-87.365353,29729,1/6/2021
63000075,Montgomery,CLARKSVILLE,Other Principal Arterial,U,RIVERSIDE DR.,,,,CLARKSVILLE,2-WAY,NB/SB,EDL,63SR012001,14.891,36.535181,-87.367079,28722,1/6/2021
66000096,Obion,UNION CITY,Other Principal Arterial,U,S. EVERETT BLVD.,,,,W UNION CITY,2-WAY,NB/SB,EDL,66SR003001,18.086,36.422193,-89.067971,13869,4/20/2021
66000098,Obion,UNION CITY,Other Principal Arterial,U,N. EVERETT BLVD.,,,,N UNION CITY,2-WAY,NB/SB,EDL,66SR003001,20.053,36.448287,-89.061163,9782,4/19/2021
67000070,Overton,-,Other Principal Arterial,R,BYRDSTOWN HWY.,,,,EAST OF LIVINGSTON,2-WAY,EB/WB,EDL,67SR111001,14.553,36.401746,-85.293617,7738,1/1/2020
67000079,Overton,-,Other Principal Arterial,R,COOKEVILLE HWY.,,,,SW LIVINGSTON,2-WAY,NB/SB,EDL,67SR111001,8.736,36.34795,-85.345778,11569,1/1/2020
67000091,OVERTON,-,Other Principal Arterial,R,SR111,,,,,2-WAY,NB/SB,EDL,67SR111001,4.858,36.291916,-85.372094,12979,1/1/2020
71000047,Putnam,COOKEVILLE,Other Principal Arterial,U,E. SPRING ST.,,,,SE COOKEVILLE,2-WAY,EB/WB,EDL,71SR024001,20.473,36.155413,-85.482073,12346,1/1/2020
71000168,Putnam,-,Other Principal Arterial,U,STATE HWY. 111,,,,NEAR OVERTON CO LINE,2-WAY,NB/SB,EDL,71SR111001,11.561,36.215654,-85.418341,16260,1/1/2020
73000065,Roane,HARRIMAN,Interstate,U,I-40,,,,SOUTHWEST HARRIMAN,2-WAY,EB/WB,EDL,73I0040001,7.676,35.90924,-84.579473,33219,1/1/2020
75000106,Rutherford,-,Interstate,U,I-24,,,,NORTHWEST MURFREESBORO,2-WAY,EB/WB,EDL,75I0024001,12.052,35.878188,-86.469595,120351,1/1/2020
75000107,Rutherford,MURFREESBORO,Interstate,U,I-24,,,,SOUTHWEST MURFREESBORO,2-WAY,EB/WB,EDL,75I0024001,16.382,35.831463,-86.41807,98709,1/1/2020
75000125,Rutherford,SMYRNA,Interstate,U,I-24,,,,SOUTHWEST SMYRNA,2-WAY,EB/WB,EDL,75I0024001,3.979,35.965574,-86.565198,106083,1/1/2020
75000157,Rutherford,MURFREESBORO,Other Principal Arterial,U,OLD FORT PKWY.,,,,MURFREESBORO,2-WAY,EB/WB,EDL,75SR096001,10.578,35.846273,-86.414469,35577,1/1/2020
75000248,Rutherford,-,Interstate,R,I-840,,,,NEAR WILSON CO LINE,2-WAY,EB/WB,EDL,75I0840001,16.68,36.020723,-86.427832,34927,1/1/2020
75000249,Rutherford,-,Interstate,R,I-840,,,,SOUTH OF JEFFERSON PIKE,2-WAY,EB/WB,EDL,75I0840001,14.75,35.963468,-86.447594,30745,1/1/2020
75000250,Rutherford,MURFREESBORO,Interstate,U,I-840,,,,NORTH OF SR-1,2-WAY,EB/WB,EDL,75I0840001,11.645,35.912583,-86.441303,34376,1/1/2020
75000255,Rutherford,-,Interstate,U,I-24,,,,I-24 BETWEEN 102 & 840,2-WAY,EB/WB,EDL,75I0024001,9.73,35.903239,-86.497247,89674,1/1/2020
75000284,Rutherford,-,Interstate,U,I-24,,,,,2-WAY,EB/WB,EDL,75I0024001,13.967,35.857548,-86.446779,108291,1/1/2020
75000287,Rutherford,-,Interstate,U,I-24,,,,I0024,2-WAY,EB/WB,EDL,75I0024001,19.389,35.798961,-86.382307,52223,1/1/2020
75000290,Rutherford,MURFREESBORO,Interstate,U,I-24,,,,I-24,2-WAY,EB/WB,EDL,75I0024001,17.331,35.8212,-86.406786,89777,1/1/2020
75000307,Rutherford,-,Local,U,JOE B. JACKSON PKWY.,,,,JOE B. JACKSON PKWY.-WEST OF ELAM RD.,2-WAY,NB/SB,EDL,750D281001,0.645,35.777984,-86.380098,10958,1/1/2020
78000061,Sevier,SEVIERVILLE,Other Principal Arterial,U,HWY. 66 WINFIELD DUNN PKWY.,,,,AT FRENCH BROAD RIVER,2-WAY,NB/SB,EDL,78SR066001,4.976,35.937286,-83.583271,40943,1/1/2020
78000071,Sevier,SEVIERVILLE,Other Principal Arterial,U,HWY. 66 WINFIELD DUNN PKWY.,,,,S. OF I-40,2-WAY,NB/SB,EDL,78SR066001,7.83,35.973663,-83.603401,46188,1/1/2020
79000050,Shelby,MEMPHIS,Other Principal Arterial,U,US-HWY. 64,,,,E. OF BARTLETT,2-WAY,EB/WB,EDL,79SR015001,5.911,35.20394,-89.81991,29380,1/1/2020
79000201,Shelby,MEMPHIS,Interstate,U,I-40,,,,N.E. MEMPHIS,2-WAY,EB/WB,EDL,79I0040001,19.327,35.188743,-89.806268,85845,1/1/2020
79000202,Shelby,-,Interstate,U,I-40,,,,NEAR FAYETTE CO. LINE,2-WAY,EB/WB,EDL,79I0040001,22.449,35.211529,-89.758066,59917,1/1/2020
79000258,Shelby,MEMPHIS,Other Principal Arterial,U,GERMANTOWN RD.,,,,N.E. OF SHELBY PENAL FARM,2-WAY,NB/SB,EDL,79SR177001,9.149,35.1803,-89.792856,38166,1/1/2020
79000279,Shelby,MEMPHIS,Interstate,U,I-40,,,,WEST IF LAUDERDALE ST.,2-WAY,EB/WB,EDL,79I0040001,1.111,35.152195,-90.04553,44049,1/1/2020
79000306,Shelby,MEMPHIS,Other Principal Arterial,U,NEW GETWELL RD.,,,,S.W. MEMPHIS,2-WAY,NB/SB,EDL,79SR176001,3.078,35.039337,-89.936807,23305,1/1/2020
79000407,Shelby,-,Major Collector,R,N. WATKINS RD.,,,,NEAR SHELBY FOREST STATE PARK,2-WAY,NB/SB,EDL,79SR388001,6.061,35.320108,-90.016787,1295,1/1/2020
79000408,Shelby,-,Major Collector,R,N. WATKINS RD.,,,,SOUTH OF SHELBY FOREST STATE PARK,2-WAY,NB/SB,EDL,79SR388001,3.253,35.280153,-90.024991,2760,1/1/2020
79000552,Shelby,MEMPHIS,Interstate,U,I-240,,,,MEMPHIS,2-WAY,EB/WB,EDL,79I0240001,6.205,35.071802,-90.016003,113227,1/1/2020
79000607,Shelby,MEMPHIS,Freeway & Expressway,U,BILL MORRIS PKWY.,,,,E. OF KIRBY PKWY,2-WAY,EB/WB,EDL,79SR385001,3.249,35.057713,-89.833982,96826,1/1/2020
79000614,Shelby,-,Freeway & Expressway,U,BILL MORRIS PKWY.,,,,EAST OF HACK CROSS RD,2-WAY,EB/WB,EDL,79SR385001,6.84,35.031603,-89.784184,35589,1/1/2020
79000615,Shelby,-,Freeway & Expressway,U,BILL MORRIS PKWY.,,,,EAST OF WINCHESTER RD,2-WAY,EB/WB,EDL,79SR385001,5.61,35.041607,-89.805043,51902,1/1/2020
79000616,Shelby,-,Freeway & Expressway,U,BILL MORRIS PKWY.,,,,EAST OF FOREST HILL RD,2-WAY,EB/WB,EDL,79SR385001,9.233,35.026406,-89.743805,32300,1/1/2020
79000617,Shelby,MILLINGTON,Other Principal Arterial,R,PAUL W. BARRET PKWY.,,,,EAST OF SR 204,2-WAY,EB/WB,EDL,79SR385004,19.231,35.309924,-89.849261,8034,1/1/2020
79000883,Shelby,COLLIERVILLE,Freeway & Expressway,U,BILL MORRIS PKWY.,,,,E. OF BAILEY STA. RD.,2-WAY,EB/WB,EDL,79SR385001,11.35,35.031616,-89.705159,28131,1/1/2020
79001039,Shelby,ARLINGTON,Interstate,U,I-40,,,,E. of Fayette Co. Line,2-WAY,EB/WB,EDL,79I0040001,30.097,35.272554,-89.645083,34074,1/1/2020
81000013,Stewart,-,Other Principal Arterial,R,DONELSON PKWY.,,,,NEAR TENN RIVER,2-WAY,EB/WB,EDL,81SR076001,2.117,36.451914,-88.025032,4469,1/1/2020
82000166,Sullivan,KINGSPORT,Interstate,U,JAMES H QUILLEN PKWY.,,,,KINGSPORT,2-WAY,EB/WB,EDL,82I0026001,1.879,36.52964,-82.580078,23702,1/1/2020
82000193,Sullivan,KINGSPORT,Interstate,U,I-81,,,,SOUTH OF KINGSPORT,2-WAY,NB/SB,EDL,82I0081001,4.473,36.464558,-82.506594,31337,1/1/2020
83000064,Sumner,-,Minor Arterial,U,NEW SHACKLE ISLAND RD.,,,,NORTH OF HENDERSONVILLE,2-WAY,NB/SB,EDL,83SR258001,4.438,36.361094,-86.610513,11610,1/1/2020
83000127,Sumner,MILLERSVILLE,Interstate,U,I-65,,,,NEAR ROBERTSON CO LINE,2-WAY,NB/SB,EDL,83I0065001,4.282,36.39192,-86.716003,56491,1/1/2020
83000186,Sumner,GOODLETTSVILLE,Other Principal Arterial,U,LONG HOLLOW PK.,,,,LONG HOLLOW PK-GOODLETTSVILLE,2-WAY,EB/WB,EDL,83SR174001,1.138,36.336841,-86.68377,5180,1/1/2020
88000001,Van Buren,-,Other Principal Arterial,R,STATE HWY. 111,,,,N OF SPENCER,2-WAY,NB/SB,EDL,88SR111001,19.451,35.820527,-85.460916,5159,1/1/2020
88000029,Van Buren,-,Other Principal Arterial,R,STATE HWY. 111,,,,NEAR WHITE CO LINE,2-WAY,NB/SB,EDL,88SR111001,16.748,35.782481,-85.460964,4530,1/1/2020
90000111,Washington,JOHNSON CITY,Interstate,U,JAMES H. QUILLEN PKWY.,,,,JOHNSON CITY,2-WAY,EB/WB,EDL,90I0026001,6.177,36.38511,-82.432355,45232,1/1/2020
90000115,Washington,JOHNSON CITY,Interstate,U,JAMES H. QUILLEN PKWY.,,,,NEAR SULLIVAN CO LINE,2-WAY,EB/WB,EDL,90I0026001,0.772,36.425457,-82.513477,45821,1/1/2020
90000192,Washington,JOHNSON CITY,Other Principal Arterial,U,N. STATE OF FRANKLIN RD.,,,,JOHNSON CITY,2-WAY,NB/SB,EDL,90SR381001,3.27,36.317478,-82.391468,31372,1/1/2020
90000193,Washington,JOHNSON CITY,Other Principal Arterial,U,N. STATE OF FRANKLIN RD.,,,,JOHNSON CITY,2-WAY,NB/SB,EDL,90SR381001,2.21,36.304319,-82.383905,26829,1/1/2020
93000007,White,-,Other Principal Arterial,R,SMITHVILLE HWY.,,,,WEST OF SPARTA,2-WAY,EB/WB,EDL,93SR026001,4.987,35.954749,-85.57451,5863,1/1/2020
93000039,White,-,Other Principal Arterial,R,SPENCER HWY.,,,,SOUTH OF SPARTA,2-WAY,NB/SB,EDL,93SR111001,5.28,35.897924,-85.473245,11788,1/1/2020
93000103,White,-,Other Principal Arterial,U,MEMORIAL HWY.,,,,US 70S-NEAR VAN BUREN CO LINE,2-WAY,EB/WB,EDL,93SR001001,4.73,35.847146,-85.505612,3822,1/1/2020
93000104,White,-,Other Principal Arterial,R,MEMORIAL HWY.,,,,70S-NORTH OF SR-285,2-WAY,NB/SB,EDL,93SR001001,7,35.864405,-85.479543,6212,1/1/2020
94000030,Williamson,FRANKLIN,Other Principal Arterial,U,HILLSBORO RD.,,,,NW FRANKLIN,2-WAY,NB/SB,EDL,94SR106001,16.504,35.947972,-86.881681,18923,5/24/2021
94000042,Williamson,BRENTWOOD,Minor Arterial,U,MOORES LN.,,,,MOORES LN - N FRANKLIN,2-WAY,EB/WB,EDL,94SR441001,0.637,35.970627,-86.822317,19370,5/18/2021
94000043,Williamson,BRENTWOOD,Other Principal Arterial,U,CONCORD RD.,,,,N FRANKLIN,2-WAY,EB/WB,EDL,94SR253001,0.287,35.998428,-86.8042,18960,5/17/2021
94000056,Williamson,-,Other Principal Arterial,R,MURFREESBORO RD.,,,,W OF TRIUNE,2-WAY,,EDL,94SR096002,23.097,35.856639,-86.666663,10881,5/12/2021
94000157,Williamson,BRENTWOOD,Interstate,U,I-65,,,,BRENTWOOD,2-WAY,NB/SB,EDL,94I0065001,17.646,35.985359,-86.800967,136127,1/1/2020
94000160,Williamson,FRANKLIN,Other Principal Arterial,U,MACK HATCHER MEMORIAL PKW,,,,FRANKLIN,2-WAY,NB/SB,EDL,94SR397001,6.9,35.945881,-86.87256,22889,5/20/2021
94000190,Williamson,BRENTWOOD,Other Principal Arterial,U,CONCORD RD.,,,,CONCORD RD- NEAR BRENTWD,2-WAY,EB/WB,EDL,94SR253001,1.26,35.996168,-86.785998,32441,5/10/2021
94000198,Williamson,-,Interstate,R,I-840,,,,,2-WAY,EB/WB,EDL,94I0840001,32.46,35.846923,-86.685961,40289,5/12/2021
94000221,Williamson,-,Interstate,U,I-40,,,,1-40 BETWEEN DICKSON CO. LINE AND SR-96,2-WAY,EB/WB,EDL,89SR001001,0.66,36.023999,-87.184755,28523,1/1/2020
95000151,Wilson,MT JULIET,Other Principal Arterial,U,LEBANON RD.,,,,NEAR DAVIDSON CO. LINE,2-WAY,EB/WB,EDL,95SR024001,0.423,36.218189,-86.576494,24584,1/1/2020
95000170,Wilson,-,Interstate,R,I-840,,,,BETWEEN I-40 & SR-265,2-WAY,EB/WB,EDL,95I0840000,8.563,36.15131,-86.363475,18644,1/1/2020
95000175,Wilson,-,Interstate,R,I-840,,,,SOUTH OF STEWARTS FERRY PIKE,2-WAY,EB/WB,EDL,95I0840000,4.061,36.104179,-86.411522,35655,1/1/2020
95000224,Wilson,LEBANON,Interstate,U,I-40,,,,LEBANON,2-WAY,EB/WB,EDL,95I0040001,14.384,36.182475,-86.312791,46420,1/1/2020
