﻿jj,Route,Co. Seq.,Log Mile,Between Mile Markers,Route Feature Description
ANDERSON,SR-61,1,17.38,n/a,EMBEDDED DETECTION LOOPS [CYCLE COUNT # 87] WB
ANDERSON,SR-61,1,17.425,n/a,EMBEDDED DETECTION LOOPS [CYCLE COUNT # 87 ] EB
BENTON,I-40,1,2.00,127-128,EMBEDDED DETECTION LOOPS {CYCLE COUNT # 35) EB
BENTON,I-40,1,2.00,127-128,EMBEDDED DETECTION LOOPS {CYCLE COUNT # 35) WB
BRADLEY,SR-60,1,18.7,n/a,EMBEDDED DETECTION LOOPS [CYCLE COUNT #166] NB
CAMPBELL,I-75,1,4.137,133-134,EMBEDDED DETECTION LOOPS (CYCLE COUNT # 94) EB
CAMPBELL,I-75,1,4.367,134-135,EMBEDDED DETECTION LOOPS (CYCLE COUNT # 94) WB
CANNON,SR-1,1,6.15,n/a,EMBEDDED DETECTION LOOPS [CYCLE COUNT # 61] EB
CHEATHAM,I-24,2,1.72,30-31,EMBEDDED DETECTION LOOPS [CYCLE COUNT # 52] EB 
CHEATHAM,I-24,2,1.455,29-30,EMBEDDED DETECTION LOOPS [CYCLE COUNT # 52] WB
COCKE,I-40,1,11.880,441-442,EMBEDDED DETECTION LOOPS (CYCLE COUNT # 69) WB NOW ATR-82
COCKE,I-40,1,0.14,430 - 431,EMBEDDED DETECTION LOOPS [CYCLE COUNT # 129] EB
COCKE,I-40,1,0.18,430 - 431,EMBEDDED DETECTION LOOPS [CYCLE COUNT # 129] WB
COFFEE,I-24,1,1.21,98 - 99,EMBEDDED DETECTION LOOPS [CYCLE COUNT # 103] EB
COFFEE,I-24,1,1.31,98 - 99,EMBEDDED DETECTION LOOPS [CYCLE COUNT # 103] WB
COFFEE,SR-55,1,5.02,n/a,EMBEDDED DETECTION LOOPS [CYCLE COUNT # 59] NB LNS.
CUMBERLAND,I-40,1,13.985,318-319,EMBEDDED DETECTION LOOPS [CYCLE COUNT # 58] EB 
CUMBERLAND,I-40,1,13.985,318-319,EMBEDDED DETECTION LOOPS [CYCLE COUNT # 58] WB 
CUMBERLAND,I-40,1,16.340,320-321,EMBEDDED DETECTION LOOPS [CYCLE COUNT # 59] EB
CUMBERLAND,I-40,1,16.350,320-321,EMBEDDED DETECTION LOOPS [CYCLE COUNT # 59] WB
CUMBERLAND,I-40,1,26.42,330 - 331,EMBEDDED DETECTION LOOPS [CYCLE COUNT # 62] EB 
CUMBERLAND,I-40,1,26.83,331-332,EMBEDDED DETECTION LOOPS [CYCLE COUNT # 62] WB 
CUMBERLAND,I-40,1,3.95,308 - 309,EMBEDDED DETECTION LOOPS [CYCLE COUNT # 132] EB LNS.
CUMBERLAND,I-40,1,3.96,308 - 309,EMBEDDED DETECTION LOOPS [CYCLE COUNT # 132] WB LNS.
DAVIDSON,I-24,1,13.38,46-47,EMBEDDED DETECTION LOOPS [CYCLE COUNT # 300] EB & WB
DAVIDSON,I-24,1,12.11,44-47,EMBEDDED DETECTION LOOPS [CYCLE COUNT # 302] WB
DAVIDSON,I-24,1,12.125,44-47,EMBEDDED DETECTION LOOPS [CYCLE COUNT # 302] EB
DAVIDSON,I-24,1,0.02,31 - 32,EMBEDDED DETECTION LOOPS [CYCLE COUNT # 343] NOW ATR-79
DAVIDSON,I-24,1,10.295,41 - 42,EMBEDDED DETECTION LOOPS [CYCLE COUNT # 344] WB
DAVIDSON,I-24,1,9.82,41 - 42,EMBEDDED DETECTION LOOPS [CYCLE COUNT # 344] EB
DAVIDSON,I-40,1,21.285,212-213,EMBEDDED DETECTION LOOPS [CYCLE COUNT # 437] WB
DAVIDSON,I-40,1,21.06,212-213,EMBEDDED DETECTION LOOPS [CYCLE COUNT # 437] EB
DAVIDSON,I-40,1,0.28,191 - 192,EMBEDDED DETECTION LOOPS [CYCLE COUNT # 268] EB
DAVIDSON,I-40,1,0.58,191 - 192,EMBEDDED DETECTION LOOPS [CYCLE COUNT # 268] WB
DAVIDSON,I-40,1,10.54,201 - 202,EMBEDDED DETECTION LOOPS [CYCLE COUNT # 217]
DAVIDSON,I-40,1,13.77,,EMBEDDED DETECTION LOOPS [CYCLE COUNT # 312]
DAVIDSON,I-40,1,15.6,206 - 207,EMBEDDED DETECTION LOOPS [CYCLE COUNT # 310] EB & WB
DAVIDSON,I-40,1,18.24,209 - 210,EMBEDDED DETECTION LOOPS [CYCLE COUNT # 327] EB NOW ATR-83
DAVIDSON,I-40,1,18.26,209 - 210,EMBEDDED DETECTION LOOPS [CYCLE COUNT # 327] WB NOW ATR-83
DAVIDSON,I-40,1,19.52,210 - 211,EMBEDDED DETECTION LOOPS [CYCLE COUNT # 645] EB
DAVIDSON,I-40,1,19.51,210 - 211,EMBEDDED DETECTION LOOPS [CYCLE COUNT # 645] WB
DAVIDSON,I-65,1,9.81,85 - 86,EMBEDDED DETECTION LOOPS [CYCLE COUNT # 315] NB & SB
DAVIDSON,I-65,1,11.44,87-88,EMBEDDED DETECTION LOOPS [CYCLE COUNT # 201] NB
DAVIDSON,I-65,1,11.28,86-87,EMBEDDED DETECTION LOOPS [CYCLE COUNT # 201] SB
DAVIDSON,I-65,1,0.775,75 - 76,EMBEDDED DETECTION LOOPS [CYCLE COUNT # 214] SB
DAVIDSON,I-65,1,1.39,75 - 76,EMBEDDED DETECTION LOOPS [CYCLE COUNT # 214] NB
DAVIDSON,I-65,1,7.60,81 - 82,EMBEDDED DETECTION LOOPS [CYCLE COUNT # 329] SB
DAVIDSON,I-65,1,7.625,81 - 82,EMBEDDED DETECTION LOOPS [CYCLE COUNT # 329] NB
DAVIDSON,SR-1,1,9.46,n/a,EMBEDDED DETECTION LOOPS [CYCLE COUNT # 197] EB
DAVIDSON,SR-1,1,9.36,n/a,EMBEDDED DETECTION LOOPS [CYCLE COUNT # 197] WB
DAVIDSON,SR-24,1,17.33,n/a,EMBEDDED DETECTION LOOPS [CYCLE COUNT # 635] WB
DAVIDSON,SR-45,1,2.86,n/a,EMBEDDED DETECTION LOOPS [CYCLE COUNT #18] EB
DAVIDSON,SR-155,1,15.91,n/a,EMBEDDED DETECTION LOOPS [CYCLE COUNT # 367] WB
DAVIDSON,SR-155,1,15.975,n/a,EMBEDDED DETECTION LOOPS [CYCLE COUNT # 367] EB
DAVIDSON,SR-174,1,0.89,n/a,EMBEDDED DETECTION LOOPS [CYCLE COUNT # 150] 
DECATUR,I-40,1,1.52,121-122,EMBEDDED DETECTION LOOPS [CYCLE COUNT # 44]
DICKSON,SR-46,1,4.29,n/a,EMBEDDED DETECTION LOOPS [CYCLE COUNT # 93] NB 
DICKSON,I-840,1,3.39,2-3,EMBEDDED DETECTION LOOPS (CYCLE COUNT # 156) WB
DICKSON,I-840,1,3.395,2-3,EMBEDDED DETECTION LOOPS (CYCLE COUNT # 156) EB
FAYETTE,I-40,1,9.81,36-37,EMBEDDED DETECTION LOOPS {CYCLE COUNT # 74) EB
FAYETTE,I-40,1,9.865,36-37,EMBEDDED DETECTION LOOPS {CYCLE COUNT # 74) WB
FENTRESS,SR-28,1,5.40,n/a,EMBEDDED DETECTION LOOPS [CYCLE COUNT # 33]
GILES,I-65,1,0.11,State Line - 1,EMBEDDED DETECTION LOOPS [CYCLE COUNT # 68] SB
GILES,I-65,1,0.34,State Line - 1,EMBEDDED DETECTION LOOPS [CYCLE COUNT # 68] NB
GILES,SR-15,1,8.21,n/a,EMBEDDED DETECTION LOOPS [CYCLE COUNT # 110] EB
GREENE,I-81,1,4.131,21-22,EMBEDDED DETECTION LOOPS (CYCLE COUNT # 120) SB
GREENE,I-81,1,4.217,21-22,EMBEDDED DETECTION LOOPS (CYCLE COUNT # 120) NB
HAMBLEN,I-81,1,3.08,10 - 11,EMBEDDED DETECTION LOOPS [CYCLE COUNT # 61] SB
HAMBLEN,I-81,1,3.43,10 - 11,EMBEDDED DETECTION LOOPS [CYCLE COUNT # 61] NB
HAMBLEN,SR-160,1,9.67,n/a,EMBEDDED DETECTION LOOPS [CYCLE COUNT # 135] 
HAMBLEN,SR-343,1,4.86,n/a,EMBEDDED DETECTION LOOPS [CYCLE COUNT # 14] 
HAMILTON,SR-153,1,3.682,n/a,EMBEDDED DETECTION LOOPS [CYCLE COUNT # 173] NB 
HAMILTON,SR-153,1,3.605,n/a,EMBEDDED DETECTION LOOPS [CYCLE COUNT # 173] SB 
HAMILTON,SR-153,1,4.387,n/a,EMBEDDED DETECTION LOOPS [CYCLE COUNT # 216] SB 
HAMILTON,SR-153,1,4.525,n/a,EMBEDDED DETECTION LOOPS [CYCLE COUNT # 216] NB 
HAMILTON,SR-153,1,5.164,n/a,EMBEDDED DETECTION LOOPS [CYCLE COUNT # 265] NB 
HAMILTON,SR-153,1,5.135,n/a,EMBEDDED DETECTION LOOPS [CYCLE COUNT # 265] SB 
HAMILTON,SR-153,1,6.050,n/a,EMBEDDED DETECTION LOOPS [CYCLE COUNT # 209] SB 
HAMILTON,SR-153,1,6.010,n/a,EMBEDDED DETECTION LOOPS [CYCLE COUNT # 209] NB 
HAMILTON,SR-153,1,3.291,n/a,EMBEDDED DETECTION LOOPS [CYCLE COUNT # 176] NB 
HAMILTON,SR-153,1,3.282,n/a,EMBEDDED DETECTION LOOPS [CYCLE COUNT # 176] SB 
HAMILTON,SR-319,1,1.15,n/a,EMBEDDED DETECTION LOOPS [CYCLE COUNT # 175] NB
HAMILTON,I-75,1,13.94,13 - 14,EMBEDDED DETECTION LOOPS [CYCLE COUNT # 206] NB & SB
HAMILTON,I-24,2,0.385,172 - State Line,EMBEDDED DETECTION LOOPS [CYCLE COUNT # 186] WB
HAMILTON,I-24,2,0.50,172 - State Line,EMBEDDED DETECTION LOOPS [CYCLE COUNT # 186] EB
HAMILTON,I-24,2,6.52,177 - 178,EMBEDDED DETECTION LOOPS [CYCLE COUNT # 182] EB
HAMILTON,I-24,2,6.525,177 - 178,EMBEDDED DETECTION LOOPS [CYCLE COUNT # 182] WB
HAMILTON,I-24,2,8.52,179 - 180,EMBEDDED DETECTION LOOPS [CYCLE COUNT # 154] EB
HAMILTON,I-24,2,8.515,179 - 180,EMBEDDED DETECTION LOOPS [CYCLE COUNT # 154] WB
HAMILTON,I-24,2,9.6,180 - 181,EMBEDDED DETECTION LOOPS [CYCLE COUNT # 72] EB
HAMILTON,I-24,2,9.61,180 - 181,EMBEDDED DETECTION LOOPS [CYCLE COUNT # 72] WB
HAMILTON,I-24,2,10.190,181 - 182,EMBEDDED DETECTION LOOPS [CYCLE COUNT # 214] WB
HAMILTON,I-24,2,10.235,181 - 182,EMBEDDED DETECTION LOOPS [CYCLE COUNT # 214] EB
HAMILTON,I-24,2,11.32,182 - 183,EMBEDDED DETECTION LOOPS [CYCLE COUNT # 213] EB
HAMILTON,I-24,2,11.33,182 - 183,EMBEDDED DETECTION LOOPS [CYCLE COUNT # 213] WB
HAMILTON,SR-2,1,22.15,n/a,EMBEDDED DETECTION LOOPS [CYCLE COUNT # 77]  EB & SB
HAMILTON,SR-8,1,14.30,n/a,EMBEDDED DETECTION LOOPS (CYCLE COUNT # 321]
HENDERSON,I-40,1,6.54,101 - 102,EMBEDDED DETECTION LOOPS [CYCLE COUNT # 64] EB & WB
HENDERSON,I-40,1,20.57,115-116,EMBEDDED DETECTION LOOPS [CYCLE COUNT # 65] WB
HENDERSON,I-40,1,20.575,115-116,EMBEDDED DETECTION LOOPS [CYCLE COUNT # 65] EB
HENDERSON,I-40,1,23.975,118-119,EMBEDDED DETECTION LOOPS [CYCLE COUNT # 135] WB
HENDERSON,I-40,1,24.275,119-120,EMBEDDED DETECTION LOOPS [CYCLE COUNT # 135] EB
HICKMAN,I-40,3,1.30,at 162,EMBEDDED DETECTION LOOPS [CYCLE COUNT # 60] EB
HICKMAN,I-40,3,1.85,at 162,EMBEDDED DETECTION LOOPS [CYCLE COUNT # 60] WB
HICKMAN,I-40,1,3.18,151-152,EMBEDDED DETECTION LOOPS [CYCLE COUNT # 61] EB
HICKMAN,I-40,1,3.195,151-152,EMBEDDED DETECTION LOOPS [CYCLE COUNT # 61] WB
HUMPHREYS,I-40,1,`6.695,141-142,EMBEDDED DETECTION LOOPS [CYCLE COUNT # 44] WB
HUMPHREYS,I-40,1,6.7,141-142,EMBEDDED DETECTION LOOPS [CYCLE COUNT # 44] EB
JACKSON,SR-56,1,7.69,n/a,EMBEDDED DETECTION LOOPS [CYCLE COUNT # 53]
JEFFERSON,i-40,1,12.08,421-422,EMBEDDED DETECTION LOOPS [CYCLE COUNT # 84] EB
JEFFERSON,i-40,1,12.80,422-423,EMBEDDED DETECTION LOOPS [CYCLE COUNT # 84] WB
JEFFERSON,i-40,1,17.73,427-428,EMBEDDED DETECTION LOOPS [CYCLE COUNT # 165] EB
JEFFERSON,i-40,1,17.78,427-428,EMBEDDED DETECTION LOOPS [CYCLE COUNT # 165] WB
LAUDERDALE,SR-3,1,7.90,n/a,EMBEDDED DETECTION LOOPS [CYCLE COUNT # 120] SB
LAUDERDALE,SR-3,1,7.905,n/a,EMBEDDED DETECTION LOOPS [CYCLE COUNT # 120] NB
KNOX,I-40,1,20.13,388 - 389,EMBEDDED DETECTION LOOPS [CYCLE COUNT # 460]
KNOX,I-40,1,21.909,390-391,EMBEDDED DETECTION LOOPS [CYCLE COUNT # 173] WB
KNOX,I-40,1,22.148,391-392,EMBEDDED DETECTION LOOPS [CYCLE COUNT # 173] EB
KNOX,I-40,1,27.688,396-397,EMBEDDED DETCTION LOOPS [CYCLE COUNT # 276] EB
KNOX,I-40,1,27.351,396-397,EMBEDDED DETCTION LOOPS [CYCLE COUNT # 276] WB
KNOX,I-40,1,32.157,401-402,EMBEDDED DETCTION LOOPS [CYCLE COUNT # 277] EB
KNOX,I-40,1,31.971,400-401,EMBEDDED DETCTION LOOPS [CYCLE COUNT # 277] WB
KNOX,I-40,1,35.77,404 - 405,EMBEDDED DETECTION LOOPS [CYCLE COUNT # 450] WB
KNOX,I-40,1,35.92,404 - 405,EMBEDDED DETECTION LOOPS [CYCLE COUNT # 450] EB
KNOX,I-75,1,4.30,108 - 109,EMBEDDED DETECTION LOOPS [CYCLE COUNT # 257] 
KNOX,SR-71,1,2.18,n/a,EMBEDDED DETECTION LOOPS [CYCLE COUNT # 104]
MADISON,SR-5,1,20.14,n/a,EMBEDDED DETECTION LOOPS [CYCLE COUNT # 106] SB
MADISON,SR-186,1,0.67,n/a,EMBEDDED DETECTION LOOPS [CYCLE COUNT # 97] SB
MADISON,SR-186,1,0.54,n/a,EMBEDDED DETECTION LOOPS [CYCLE COUNT # 97] NB
MADISON,SR-5,1,20.14,n/a,EMBEDDED DETECTION LOOPS [CYCLE COUNT # 106] SB
MADISON,SR-5,1,20.145,n/a,EMBEDDED DETECTION LOOPS [CYCLE COUNT # 106] NB
MADISON,I-40,1,11.24,78-79,EMBEDDED DETECTION LOOPS [CYCLE COUNT # 242] EB & WB
MADISON,I-40,1,20.065,87-88,EMBEDDED DETECTION LOOPS [CYCLE COUNT # 94] EB 
MADISON,I-40,1,20.03,87-88,EMBEDDED DETECTION LOOPS [CYCLE COUNT # 94] WB 
MADISON,SR-5,1,14.595,n/a,EMBEDDED DETECTION LOOPS [CYCLE COUNT # 27] SB
MADISON,SR-5,1,14.600,n/a,EMBEDDED DETECTION LOOPS [CYCLE COUNT # 27] NB
MADISON,SR-5,1,10.755,n/a,EMBEDDED DETECTION LOOPS [CYCLE COUNT # 41] SB 
MADISON,SR-5,1,10.97,n/a,EMBEDDED DETECTION LOOPS [CYCLE COUNT # 41] NB 
MADISON,SR-5,1,11.71,n/a,EMBEDDED DETECTION LOOPS [CYCLE COUNT # 90] SB 
MADISON,SR-5,1,11.76,n/a,EMBEDDED DETECTION LOOPS [CYCLE COUNT # 90] NB 
MARION,I-24,1,17.075,151-152,EMBEDDED DETECTION LOOPS [CYCLE COUNT # 57] EB
MARION,I-24,1,17.075,151-152,EMBEDDED DETECTION LOOPS [CYCLE COUNT # 57] WB
MARION,I-24,1,17.94,152 - 153,EMBEDDED DETECTION LOOPS [CYCLE COUNT # 59] EB & WB
MARSHALL,I-65,1,9.02,31-32,EMBEDDED DETECTION LOOPS [CYCLE COUNT # 63] NB
MARSHALL,I-65,1,9.07,31-32,EMBEDDED DETECTION LOOPS [CYCLE COUNT # 63] SB
MAURY,SR-50,1,13.48,,EMBEDDED DETECTION LOOPS [CYCLE COUNT # 88] EB & WB
MAURY,SR-50,1,17.80,n/a,EMBEDDED DETECTION LOOPS [CYCLE COUNT # 102]  EB
MCMINN,I-75,1,10.81,45 - 46,EMBEDDED DETECTION LOOPS [CYCLE COUNT # 88] NB
MCMINN,I-75,1,10.87,45 - 46,EMBEDDED DETECTION LOOPS [CYCLE COUNT # 88] SB
MCMINN,I-75,1,22.42,57 - 58,EMBEDDED DETECTION LOOPS [CYCLE COUNT # 91] NB
MCMINN,I-75,1,22.48,57 - 58,EMBEDDED DETECTION LOOPS [CYCLE COUNT # 91] SB
MCNAIRY,SR-5,1,13.24,n/a,EMBEDDED DETECTION LOOPS [CYCLE COUNT # 115] NB
MCNAIRY,SR-5,1,13.26,n/a,EMBEDDED DETECTION LOOPS [CYCLE COUNT # 115] SB
MONTGOMERY,SR-12,1,13.51,n/a,EMBEDDED DETECTION LOOPS [CYCLE COUNT # 74] SB
MONTGOMERY,SR-12,1,14.485,n/a,EMBEDDED DETECTION LOOPS [CYCLE COUNT # 75] SB
OBION,SR-3,1,18.01,n/a,EMBEDDED DETECTION LOOPS [CYCLE COUNT # 96] NB 
OBION,SR-3,1,18.11,n/a,EMBEDDED DETECTION LOOPS [CYCLE COUNT # 96] SB
OBION,SR-3,1,20.55,n/a,EMBEDDED DETECTION LOOPS [CYCLE COUNT # 98] NB & SB
OVERTON,SR-111,1,8.817,n/a,EMBEDDED DETECTION LOOPS [CYCLE COUNT # 79] SB
OVERTON,SR-111,1,8.842,n/a,EMBEDDED DETECTION LOOPS [CYCLE COUNT # 79] NB
OVERTON,SR-111,1,4.858,n/a,EMBEDDED DETECTION LOOPS [CYCLE COUNT # 91] NB
OVERTON,SR-111,1,4.482,n/a,EMBEDDED DETECTION LOOPS [CYCLE COUNT # 91] SB
OVERTON,SR-111,1,16.47,n/a,EMBEDDED DETECTION LOOPS [CYCLE COUNT # 70] NB & SB
PUTNAM,SR-24,1,20.42,n/a,EMBEDDED DETECTION LOOPS [CYCLE COUNT # 47] WB
PUTNAM,SR-111,1,11.88,n/a,EMBEDDED DETECTION LOOPS [CYCLE COUNT # 168] NB & SB
ROANE,I-40,1,8.477,348-349,EMBEDDED DETECTION LOOPS (CYCLE COUNT # 65)
RUTHERFORD,0D281,1,0.550,,EMBEDDED DETECTION LOOPS (CYCLE COUNT # 307) NB
RUTHERFORD,SR-96,1,10.54,n/a,EMBEDDED DETECTION LOOPS [CYCLE COUNT # 157] EB
RUTHERFORD,SR-96,1,10.63,n/a,EMBEDDED DETECTION LOOPS [CYCLE COUNT # 157] WB
RUTHERFORD,I-24,1,5.14,68 - 69,EMBEDDED DETECTION LOOPS [CYCLE COUNT # 125] EB
RUTHERFORD,I-24,1,5.17,68 - 69,EMBEDDED DETECTION LOOPS [(CYCLE COUNT # 125] WB
RUTHERFORD,I-24,1,7.73,70 - 71,EMBEDDED DETECTION LOOPS [CYCLE COUNT # 255] EB & WB
RUTHERFORD,I-24,1,12.57,75 - 76,EMBEDDED DETECTION LOOPS [CYCLE COUNT # 106] WB
RUTHERFORD,I-24,1,12.55,75-76,EMBEDDED DETECTION LOOPS [CYCLE COUNT # 106] EB
RUTHERFORD,I-24,1,14.11,77 - 78 ,EMBEDDED DETECTION LOOPS [CYCLE COUNT # 284] EB & WB
RUTHERFORD,I-24,1,15.475,78 - 79,EMBEDDED DETECTION LOOPS [CYCLE COUNT # 107] EB
RUTHERFORD,I-24,1,15.62,78 - 79,EMBEDDED DETECTION LOOPS [CYCLE COUNT # 107] WB
RUTHERFORD,I-24,1,17.28,80 - 81,EMBEDDED DETECTION LOOPS [CYCLE COUNT # 290] EB
RUTHERFORD,I-24,1,17.32,80 - 81,EMBEDDED DETECTION LOOPS [CYCLE COUNT # 290] WB
RUTHERFORD,I-24,1,18.91,81-82,EMBEDDED DETECTION LOOPS [CYCLE COUNT # 287] EB & WB
RUTHERFORD,I-840,1,16.68,61-62,EMBEDDED DETECTION LOOPS [CYCLE COUNT # 248] EB
RUTHERFORD,I-840,1,16.685,61-62,EMBEDDED DETECTION LOOPS [CYCLE COUNT # 248] WB
RUTHERFORD,I-840,1,15.395,60-61,EMBEDDED DETECTION LOOPS [CYCLE COUNT # 249] EB
RUTHERFORD,I-840,1,14.75,59-60,EMBEDDED DETECTION LOOPS [CYCLE COUNT # 249] WB
RUTHERFORD,I-840,1,11.645,56-57,EMBEDDED DETECTION LOOPS [CYCLE COUNT # 250] EB
RUTHERFORD,I-840,1,11.65,56-57,EMBEDDED DETECTION LOOPS [CYCLE COUNT # 250] WB
SEVIER,SR-66,1,0.99,n/a,EMBEDDED DETECTION LOOPS [CYCLE COUNT # 21] NB
SEVIER,SR-66,1,1.08,n/a,EMBEDDED DETECTION LOOPS [CYCLE COUNT # 21] SB
SEVIER,SR-66,1,4.87,n/a,EMBEDDED DETECTION LOOPS [CYCLE COUNT # 61]
SEVIER,SR-66,1,6.80,n/a,EMBEDDED DETECTION LOOPS [CYCLE COUNT # 71]
SHELBY,SR-385,1,7.296,7-8,EMBEDDED DETECTION LOOPS [CYCLE COUNT # 614] EB
SHELBY,SR-385,1, 7.274 ,7-8,EMBEDDED DETECTION LOOPS [CYCLE COUNT # 614] WB
SHELBY,SR-385,1,9.233,9-10,EMBEDDED DETECTION LOOPS [CYCLE COUNT # 616] EB
SHELBY,SR-385,1,9.256,9-10,EMBEDDED DETECTION LOOPS [CYCLE COUNT # 616] WB
SHELBY,I-40,1,1.11,1 - 2,EMBEDDED DETECTION LOOPS [CYCLE COUNT # 281] EB & WB
SHELBY,I-40,1,19.395,15 - 16,EMBEDDED DETECTION LOOPS [CYCLE COUNT # 201] WB
SHELBY,I-40,1,19.405,15 - 16,EMBEDDED DETECTION LOOPS [CYCLE COUNT # 201] EB
SHELBY,I-40,1,22.62,19 - 20,EMBEDDED DETECTION LOOPS [CYCLE COUNT # 202] EB & WB
SHELBY,I-40,1,29.79,26 - 27,EMBEDDED DETECTION LOOPS [CYCLE COUNT # 1039] EB & WB
SHELBY,I-240,1,5.78,25 - 26,EMBEDDED DETECTION LOOPS [CYCLE COUNT # 552] EB LNS.
SHELBY,I-240,1,5.82,25 - 26,EMBEDDED DETECTION LOOPS [CYCLE COUNT # 552] WB LNS.
SHELBY,SR-15,1,5.87,n/a,EMBEDDED DETECTION LOOPS [CYCLE COUNT # 50] WB
SHELBY,SR-15,1,5.96,n/a,EMBEDDED DETECTION LOOPS [CYCLE COUNT # 50] EB 
SHELBY,SR-176,1,3.03,n/a,EMBEDDED DETECTION LOOPS [CYCLE COUNT # 306] NB & SB
SHELBY,SR-177,1,9.19,n/a,EMBEDDED DETECTION LOOPS [CYCLE COUNT # 258] NB
SHELBY,SR-177,1,9.23,n/a,EMBEDDED DETECTION LOOPS [CYCLE COUNT # 258] SB
SHELBY,SR-385,1,3.020,3-4,EMBEDDED DETECTION LOOPS [CYCLE COUNT # 607] EB
SHELBY,SR-385,1,3.070,3-4,EMBEDDED DETECTION LOOPS [CYCLE COUNT # 607] WB
SHELBY,SR-385,1,7.290,7-8,EMBEDDED DETECTION LOOPS [CYCLE COUNT # 614] WB
SHELBY,SR-385,1,7.300,7-8,EMBEDDED DETECTION LOOPS [CYCLE COUNT # 614] EB
SHELBY,SR-385,1,5.605,5-6,EMBEDDED DETECTION LOOPS [CYCLE COUNT # 615] EB
SHELBY,SR-385,1,5.655,5-6,EMBEDDED DETECTION LOOPS [CYCLE COUNT # 615] WB
SHELBY,SR-385,1,9.230,9-10,EMBEDDED DETECTION LOOPS [CYCLE COUNT # 616] EB
SHELBY,SR-385,1,9.245,9-10,EMBEDDED DETECTION LOOPS [CYCLE COUNT # 616] WB
SHELBY,SR-385,2,13.33,n/a,EMBEDDED DETECTION LOOPS [CYCLE COUNT # 617] EB
SHELBY,SR-385,2,13.345,n/a,EMBEDDED DETECTION LOOPS [CYCLE COUNT # 617] WB
SHELBY,SR-385,1,11.320,11-12,EMBEDDED DETECTION LOOPS [CYCLE COUNT # 883] WB
SHELBY,SR-385,1,11.355,11-12,EMBEDDED DETECTION LOOPS [CYCLE COUNT # 883] EB
SHELBY,SR-388,1,6.24,n/a,EMBEDDED DETECTION LOOPS [CYCLE COUNT # 407]
SHELBY,SR-388,1,3.08,n/a,EMBEDDED DETECTION LOOPS [CYCLE COUNT # 408] SB
SHELBY,SR-388,1,3.13,n/a,EMBEDDED DETECTION LOOPS [CYCLE COUNT # 408] NB
STEWART,SR-76,1,0.42,n/a,EMBEDDED DETCTION LOOPS [CYCLE COUNT # 13] EB & WB
SULLIVAN,I-26,1,0.79,S.R. 1 - mm 1,EMBEDDED DETECTION LOOPS [CYCLE COUNT # 166] 
SULLIVAN,I-81,1,5.05,58 - 59,EMBEDDED DETECTION LOOPS [CYCLE COUNT # 193] SB
SULLIVAN,I-81,1,5.10,58 - 59,EMBEDDED DETECTION LOOPS [CYCLE COUNT # 193] NB
SUMNER,I-65,1,2.22,99 - 100,EMBEDDED DETECTION LOOPS [CYCLE COUNT # 127]
SUMNER,SR-174,1,1.625,n/a,EMBEDDED DETECTION LOOPS [CYCLE COUNT # 186] EB
SUMNER,SR-258,1,4.30,n/a,EMBEDDED DETECTION LOOPS [CYCLE COUNT # 64]
VAN BUREN,SR-111,1,18.265,n/a,EMBEDDED DETECTION LOOPS [CYCLE COUNT # 29] SB
VAN BUREN,SR-111,1,18.330,n/a,EMBEDDED DETECTION LOOPS [CYCLE COUNT # 29] NB
WASHINGTON,I-26,1,6.026,15-16,EMBEDDED DETECTION LOOPS [CYCLE COUNT # 111] EB
WASHINGTON,I-26,1,5.951,15-16,EMBEDDED DETECTION LOOPS [CYCLE COUNT # 111] WB
WASHINGTON,I-26,1,1.645,11-12,EMBEDDED DETECTION LOOPS [CYCLE COUNT # 115] EB
WASHINGTON,I-26,1,1.638,11-12,EMBEDDED DETECTION LOOPS [CYCLE COUNT # 115] WB
WASHINGTON,SR-381,1,3.66,n/a,EMBEDDED DETECTION LOOPS [CYCLE COUNT # 192]
WASHINGTON,SR-381,1,2.07,n/a,EMBEDDED DETECTION LOOPS [CYCLE COUNT # 193] NB
WASHINGTON,SR-381,1,2.14,n/a,EMBEDDED DETECTION LOOPS [CYCLE COUNT # 193] SB
WHITE,SR-26,1,4.987,n/a,EMBEDDED DETECTION LOOPS [CYCLE COUNT # 7] WB
WHITE,SR-1,1,4.715,n/a,EMBEDDED DETECTION LOOPS [CYCLE COUNT # 103] WB
WHITE,SR-1,1,4.730,n/a,EMBEDDED DETECTION LOOPS [CYCLE COUNT # 103] EB
WHITE,SR-1,1,7.000,n/a,EMBEDDED DETECTION LOOPS [CYCLE COUNT # 104] EB
WHITE,SR-1,1,6.980,n/a,EMBEDDED DETECTION LOOPS [CYCLE COUNT # 104] WB
WHITE,SR-111,1,5.280,n/a,EMBEDDED DETECTION LOOPS [CYCLE COUNT # 39] NB
WHITE,SR-111,1,5.205,n/a,EMBEDDED DETECTION LOOPS [CYCLE COUNT # 39] SB
WILLIAMSON,I-40,1,0.105,181-182,EMBEDDED DETECTION LOOPS [CYCLE COUNT # 221] WB
WILLIAMSON,I-40,1,0.657,181-182,EMBEDDED DETECTION LOOPS [CYCLE COUNT # 221] EB
WILLIAMSON,SR-96,2,23.16,n/a,EMBEDDED DETECTION LOOPS [CYCLE COUNT # 56] WB
WILLIAMSON,SR-106,1,16.545,n/a,EMBEDDED DETECTION LOOPS [CYCLE COUNT # 30] SB
WILLIAMSON,SR-106,1,16.550,n/a,EMBEDDED DETECTION LOOPS [CYCLE COUNT # 30] NB
WILLIAMSON,SR-253,1,0.485,n/a,EMBEDDED DETECTION LOOPS (CYCLE COUNT # 43) EB & WB
WILLIAMSON,SR-253,1,1.26,n/a,EMBEDDED DETECTION LOOPS (CYCLE COUNT # 190) EB
WILLIAMSON,SR-253,1,1.27,n/a,EMBEDDED DETECTION LOOPS (CYCLE COUNT # 190) WB
WILLIAMSON,SR-397,1,6.89,n/a,EMBEDDED DETECTION LOOPS [CYCLE COUNT # 160] NB
WILLIAMSON,SR-397,1,6.78,n/a,EMBEDDED DETECTION LOOPS [CYCLE COUNT # 160] SB
WILLIAMSON,SR-441,1,0.615,n/a,EMBEDDED DETECTION LOOPS [CYCLE COUNT # 42] WB 
WILLIAMSON,I-65,1,17.10,n/a,EMBEDDED DETECTION LOOPS[CYCLE COUNT # 157] SB
WILLIAMSON,I-65,1,17.19,n/a,EMBEDDED DETECTION LOOPS JUNCTION BOX [CYCLE COUNT # 157] SB
WILLIAMSON,I-65,1,18.10,n/a,EMBEDDED DETECTION LOOPS [CYCLE COUNT # 157] NB
WILLIAMSON,I-840,1,32.46,39-40,EMBEDDED DETECTION LOOPS [CYCLE COUNT # 198] EB
WILLIAMSON,I-840,1,32.53,39-40,EMBEDDED DETECTION LOOPS [CYCLE COUNT # 198] WB
WILSON,I-40,1,14.74,237-238,EMBEDDED DETECTION LOOPS [CYCLE COUNT # 224]
WILSON,SR-24,1,0.555,n/a,EMBEDDED DETECTION LOOPS [CYCLE COUNT # 151]  EB
WILSON,I-840,1,4.610,69-70,EMBEDDED DETECTION LOOPS [CYCLE COUNT # 175] EB
WILSON,I-840,1,4.075,69-70,EMBEDDED DETECTION LOOPS [CYCLE COUNT # 175] WB
WILSON,I-840,1,7.44,73 - 74,EMBEDDED DETECTION LOOPS [CYCLE COUNT #170] WB 
WILSON,I-840,1,7.45,73 - 74,EMBEDDED DETECTION LOOPS [CYCLE COUNT #170] EB
WILSON,I-840,1,4.061,69-70,EMBEDDED DETECTION LOOPS [CYCLE COUNT #175] EB
WILSON,I-840,1,4.075,69-70,EMBEDDED DETECTION LOOPS [CYCLE COUNT #175] WB
